BEGIN TRANSACTION;
CREATE TABLE IF NOT EXISTS "Artist" (
	"ArtistID"	INTEGER NOT NULL UNIQUE,
	"ArtistName"	TEXT NOT NULL UNIQUE,
	"LastFmMbid"	TEXT,
	PRIMARY KEY("ArtistID" AUTOINCREMENT)
);
CREATE TABLE IF NOT EXISTS "Period" (
	"PeriodID"	INTEGER NOT NULL UNIQUE,
	"PeriodName"	TEXT NOT NULL UNIQUE,
	PRIMARY KEY("PeriodID" AUTOINCREMENT)
);
CREATE TABLE IF NOT EXISTS "TopArtist" (
	"TopArtistID"	INTEGER NOT NULL UNIQUE,
	"UserID"	INTEGER NOT NULL,
	"ArtistID"	INTEGER NOT NULL,
	"PeriodID"	INTEGER NOT NULL,
	"Playcount"	INTEGER NOT NULL,
	"LastUpdated"	TEXT NOT NULL,
	PRIMARY KEY("TopArtistID" AUTOINCREMENT),
	FOREIGN KEY("ArtistID") REFERENCES "Artist"("ArtistID"),
	FOREIGN KEY("PeriodID") REFERENCES "Period"("PeriodID"),
	FOREIGN KEY("UserID") REFERENCES "User"("UserID")
);
CREATE TABLE IF NOT EXISTS "User" (
	"UserID"	INTEGER NOT NULL UNIQUE,
	"LastFmProfileName"	TEXT NOT NULL UNIQUE,
	"FirstName"	TEXT,
	"LastName"	TEXT,
	"EmailAddress"	TEXT UNIQUE,
	PRIMARY KEY("UserID" AUTOINCREMENT)
);
INSERT INTO "Artist" VALUES (1,'Weezer','6fe07aa5-fec0-4eca-a456-f29bff451b04');
INSERT INTO "Artist" VALUES (2,'twenty one pilots','a6c6897a-7415-4f8d-b5a5-3a5e05f3be67');
INSERT INTO "Artist" VALUES (3,'The Killers','95e1ead9-4d31-4808-a7ac-32c3614c116b');
INSERT INTO "Artist" VALUES (4,'Arcade Fire','52074ba6-e495-4ef3-9bb4-0703888a9f68');
INSERT INTO "Artist" VALUES (5,'Starfucker','');
INSERT INTO "Artist" VALUES (6,'Slothrust','86c80cc3-13b0-4ca7-ae5a-d16f00c11a59');
INSERT INTO "Artist" VALUES (7,'The Big Moon','9bb06c9f-31d7-4809-9e95-2e647a23a735');
INSERT INTO "Artist" VALUES (8,'Passenger','');
INSERT INTO "Artist" VALUES (9,'Metric','4449ccf6-c948-4d33-aa97-b6ad98ce4b5b');
INSERT INTO "Artist" VALUES (10,'Belle and Sebastian','e5c7b94f-e264-473c-bb0f-37c85d4d5c70');
INSERT INTO "Artist" VALUES (11,'The Head and the Heart','98cb416e-5271-484c-ab3b-6bed6b4aae12');
INSERT INTO "Artist" VALUES (12,'Pink Floyd','83d91898-7763-47d7-b03b-b92132375c47');
INSERT INTO "Artist" VALUES (13,'Haerts','a1e94252-6129-4747-ac5e-d9ffc5fd725e');
INSERT INTO "Artist" VALUES (14,'Broken Bells','');
INSERT INTO "Artist" VALUES (15,'Alan Walker','b0e4bc50-3062-4d31-afad-def6a6b7a8e9');
INSERT INTO "Artist" VALUES (16,'Foster the People','e0e1a584-dd0a-4bd1-88d1-c4c62895039d');
INSERT INTO "Artist" VALUES (17,'Declan McKenna','8b98035f-fbd2-4fb3-9c2f-263c7506680d');
INSERT INTO "Artist" VALUES (18,'Haunted Mansions','');
INSERT INTO "Artist" VALUES (19,'Electric Guest','01202233-d155-4cfa-83bf-55dc776bc309');
INSERT INTO "Artist" VALUES (20,'Portugal. The Man','3599a39e-4e10-4cb5-90d4-c8a015ebc73b');
INSERT INTO "Artist" VALUES (21,'Carly Rae Jepsen','09887aa7-226e-4ecc-9a0c-02d2ae5777e1');
INSERT INTO "Artist" VALUES (22,'Red Velvet','4f0cb3b7-6c06-4317-ae35-ddf3106a17ee');
INSERT INTO "Artist" VALUES (23,'WJSN','99689c05-4f6d-4bff-9b00-06731277fe42');
INSERT INTO "Artist" VALUES (24,'Vampire Weekend','af37c51c-0790-4a29-b995-456f98a6b8c9');
INSERT INTO "Artist" VALUES (25,'소녀시대','');
INSERT INTO "Artist" VALUES (26,'IU','b9545342-1e6d-4dae-84ac-013374ad8d7c');
INSERT INTO "Artist" VALUES (27,'Steely Dan','e01c3376-15fa-40d7-b747-5f219bdefdd7');
INSERT INTO "Artist" VALUES (28,'Donald Fagen','70047e57-0153-4117-b0fc-a1d2e322e5ef');
INSERT INTO "Artist" VALUES (29,'Sérgio Mendes & Brasil ''66','491d8124-42e9-43f0-a828-e4a40c59e5ba');
INSERT INTO "Artist" VALUES (30,'LOOΠΔ','de4feabc-cd21-4568-a09c-2086bfebe2f4');
INSERT INTO "Artist" VALUES (31,'Paul Simon','05517043-ff78-4988-9c22-88c68588ebb9');
INSERT INTO "Artist" VALUES (32,'Triple S','3ff0fe9a-36c4-4056-9988-f1a802bdd372');
INSERT INTO "Artist" VALUES (33,'Regine Velasquez','b7efc324-d12b-40b5-87a8-b67ffb34a91d');
INSERT INTO "Artist" VALUES (34,'Loona','8d46a79b-760d-4f82-8019-463bbe7b77a7');
INSERT INTO "Artist" VALUES (35,'f(x)','37fa0bfd-8bf7-422c-a97a-f8deda49b3a4');
INSERT INTO "Artist" VALUES (36,'Tennis','');
INSERT INTO "Artist" VALUES (37,'fromis_9','705f04e2-fc5b-41ab-b837-1d850d44084a');
INSERT INTO "Artist" VALUES (38,'현아','72e54f6a-baab-46e4-9b74-8b481724ac99');
INSERT INTO "Artist" VALUES (39,'陶喆','38fe7fb3-2bde-4672-8016-2ba6f7d1808f');
INSERT INTO "Artist" VALUES (40,'aespa','b51c672b-85e0-48fe-8648-470a2422229f');
INSERT INTO "Artist" VALUES (41,'Doechii','9f75277c-b283-4846-ac8c-f932255cd0ac');
INSERT INTO "Artist" VALUES (42,'Beyoncé','859d0860-d480-4efd-970c-c05d5f1776b8');
INSERT INTO "Artist" VALUES (43,'A$AP Rocky','25b7b584-d952-4662-a8b9-dd8cdfbfeb64');
INSERT INTO "Artist" VALUES (44,'Ariana Grande','f4fdbb4c-e4b7-47a0-b83b-d91bbfcfa387');
INSERT INTO "Artist" VALUES (45,'Charli xcx','260b6184-8828-48eb-945c-bc4cb6fc34ca');
INSERT INTO "Artist" VALUES (46,'Coldplay','cc197bad-dc9c-440d-a5b5-d52ba2e14234');
INSERT INTO "Artist" VALUES (47,'Cowboy Malfoy','091d83d2-db51-45cc-b9c8-56ee8ce8ce5d');
INSERT INTO "Artist" VALUES (48,'dhruv','');
INSERT INTO "Artist" VALUES (49,'Dua Lipa','6f1a58bf-9b1b-49cf-a44a-6cefad7ae04f');
INSERT INTO "Artist" VALUES (50,'Evan Jacobson','');
INSERT INTO "Artist" VALUES (51,'Full Crate','79724ec7-c90c-458c-b11f-8565a2663e15');
INSERT INTO "Artist" VALUES (52,'Glass Animals','20395131-fbde-43ce-b141-b700cfdae99c');
INSERT INTO "Artist" VALUES (53,'Gotye','6f6fd596-76e0-4b82-aa37-f558ac2d337b');
INSERT INTO "Artist" VALUES (54,'Gracie Abrams','f7441bc7-d7de-4813-a2fc-31a4033d396d');
INSERT INTO "Artist" VALUES (55,'Ivoris','6dcc2066-9697-47f1-a642-11dc8a9ed4ee');
INSERT INTO "Artist" VALUES (56,'Jimin','d2582c77-6b0f-4b2f-802f-8f3cad1a5fec');
INSERT INTO "Artist" VALUES (57,'Kimbra','fad2875e-ba81-4637-b859-4684622dcb1c');
INSERT INTO "Artist" VALUES (58,'L''Impératrice','abc31be8-02b2-4bb1-867d-604d50b7be78');
INSERT INTO "Artist" VALUES (59,'Lizzy McAlpine','ee0b11de-0c8a-4267-9886-198f4579e1db');
INSERT INTO "Artist" VALUES (60,'Mac Miller','a0e8a1b1-5f8f-475a-a253-17415c17d0ff');
INSERT INTO "Period" VALUES (1,'7day');
INSERT INTO "Period" VALUES (2,'1month');
INSERT INTO "Period" VALUES (3,'12month');
INSERT INTO "Period" VALUES (4,'overall');
INSERT INTO "TopArtist" VALUES (381,0,21,4,1157,'2025-05-02 19:41:33');
INSERT INTO "TopArtist" VALUES (382,0,22,4,715,'2025-05-02 19:41:33');
INSERT INTO "TopArtist" VALUES (383,0,23,4,604,'2025-05-02 19:41:33');
INSERT INTO "TopArtist" VALUES (384,0,24,4,482,'2025-05-02 19:41:33');
INSERT INTO "TopArtist" VALUES (385,0,25,4,430,'2025-05-02 19:41:33');
INSERT INTO "TopArtist" VALUES (386,0,26,4,410,'2025-05-02 19:41:33');
INSERT INTO "TopArtist" VALUES (387,0,27,4,402,'2025-05-02 19:41:33');
INSERT INTO "TopArtist" VALUES (388,0,28,4,394,'2025-05-02 19:41:33');
INSERT INTO "TopArtist" VALUES (389,0,29,4,376,'2025-05-02 19:41:33');
INSERT INTO "TopArtist" VALUES (390,0,30,4,370,'2025-05-02 19:41:33');
INSERT INTO "TopArtist" VALUES (391,0,31,4,363,'2025-05-02 19:41:33');
INSERT INTO "TopArtist" VALUES (392,0,32,4,354,'2025-05-02 19:41:33');
INSERT INTO "TopArtist" VALUES (393,0,33,4,321,'2025-05-02 19:41:33');
INSERT INTO "TopArtist" VALUES (394,0,34,4,286,'2025-05-02 19:41:33');
INSERT INTO "TopArtist" VALUES (395,0,35,4,275,'2025-05-02 19:41:33');
INSERT INTO "TopArtist" VALUES (396,0,36,4,272,'2025-05-02 19:41:33');
INSERT INTO "TopArtist" VALUES (397,0,37,4,245,'2025-05-02 19:41:33');
INSERT INTO "TopArtist" VALUES (398,0,38,4,240,'2025-05-02 19:41:33');
INSERT INTO "TopArtist" VALUES (399,0,39,4,220,'2025-05-02 19:41:33');
INSERT INTO "TopArtist" VALUES (400,0,40,4,208,'2025-05-02 19:41:33');
INSERT INTO "TopArtist" VALUES (401,5,21,4,1157,'2025-05-02 19:46:19');
INSERT INTO "TopArtist" VALUES (402,5,22,4,715,'2025-05-02 19:46:19');
INSERT INTO "TopArtist" VALUES (403,5,23,4,604,'2025-05-02 19:46:19');
INSERT INTO "TopArtist" VALUES (404,5,24,4,482,'2025-05-02 19:46:19');
INSERT INTO "TopArtist" VALUES (405,5,25,4,430,'2025-05-02 19:46:19');
INSERT INTO "TopArtist" VALUES (406,5,26,4,410,'2025-05-02 19:46:19');
INSERT INTO "TopArtist" VALUES (407,5,27,4,402,'2025-05-02 19:46:19');
INSERT INTO "TopArtist" VALUES (408,5,28,4,394,'2025-05-02 19:46:19');
INSERT INTO "TopArtist" VALUES (409,5,29,4,376,'2025-05-02 19:46:19');
INSERT INTO "TopArtist" VALUES (410,5,30,4,370,'2025-05-02 19:46:19');
INSERT INTO "TopArtist" VALUES (411,5,31,4,363,'2025-05-02 19:46:19');
INSERT INTO "TopArtist" VALUES (412,5,32,4,354,'2025-05-02 19:46:19');
INSERT INTO "TopArtist" VALUES (413,5,33,4,321,'2025-05-02 19:46:19');
INSERT INTO "TopArtist" VALUES (414,5,34,4,286,'2025-05-02 19:46:19');
INSERT INTO "TopArtist" VALUES (415,5,35,4,275,'2025-05-02 19:46:19');
INSERT INTO "TopArtist" VALUES (416,5,36,4,272,'2025-05-02 19:46:19');
INSERT INTO "TopArtist" VALUES (417,5,37,4,245,'2025-05-02 19:46:19');
INSERT INTO "TopArtist" VALUES (418,5,38,4,240,'2025-05-02 19:46:19');
INSERT INTO "TopArtist" VALUES (419,5,39,4,220,'2025-05-02 19:46:19');
INSERT INTO "TopArtist" VALUES (420,5,40,4,208,'2025-05-02 19:46:19');
INSERT INTO "TopArtist" VALUES (421,3,41,4,10,'2025-05-02 19:47:15');
INSERT INTO "TopArtist" VALUES (422,3,42,4,5,'2025-05-02 19:47:15');
INSERT INTO "TopArtist" VALUES (423,3,43,4,1,'2025-05-02 19:47:15');
INSERT INTO "TopArtist" VALUES (424,3,44,4,1,'2025-05-02 19:47:15');
INSERT INTO "TopArtist" VALUES (425,3,45,4,1,'2025-05-02 19:47:15');
INSERT INTO "TopArtist" VALUES (426,3,46,4,1,'2025-05-02 19:47:15');
INSERT INTO "TopArtist" VALUES (427,3,47,4,1,'2025-05-02 19:47:15');
INSERT INTO "TopArtist" VALUES (428,3,48,4,1,'2025-05-02 19:47:15');
INSERT INTO "TopArtist" VALUES (429,3,49,4,1,'2025-05-02 19:47:15');
INSERT INTO "TopArtist" VALUES (430,3,50,4,1,'2025-05-02 19:47:15');
INSERT INTO "TopArtist" VALUES (431,3,51,4,1,'2025-05-02 19:47:15');
INSERT INTO "TopArtist" VALUES (432,3,52,4,1,'2025-05-02 19:47:15');
INSERT INTO "TopArtist" VALUES (433,3,53,4,1,'2025-05-02 19:47:15');
INSERT INTO "TopArtist" VALUES (434,3,54,4,1,'2025-05-02 19:47:15');
INSERT INTO "TopArtist" VALUES (435,3,55,4,1,'2025-05-02 19:47:15');
INSERT INTO "TopArtist" VALUES (436,3,56,4,1,'2025-05-02 19:47:15');
INSERT INTO "TopArtist" VALUES (437,3,57,4,1,'2025-05-02 19:47:15');
INSERT INTO "TopArtist" VALUES (438,3,58,4,1,'2025-05-02 19:47:15');
INSERT INTO "TopArtist" VALUES (439,3,59,4,1,'2025-05-02 19:47:15');
INSERT INTO "TopArtist" VALUES (440,3,60,4,1,'2025-05-02 19:47:15');
INSERT INTO "TopArtist" VALUES (441,2,1,4,2424,'2025-05-03 12:52:18');
INSERT INTO "TopArtist" VALUES (442,2,2,4,1943,'2025-05-03 12:52:18');
INSERT INTO "TopArtist" VALUES (443,2,3,4,1299,'2025-05-03 12:52:18');
INSERT INTO "TopArtist" VALUES (444,2,4,4,1024,'2025-05-03 12:52:18');
INSERT INTO "TopArtist" VALUES (445,2,5,4,726,'2025-05-03 12:52:18');
INSERT INTO "TopArtist" VALUES (446,2,6,4,700,'2025-05-03 12:52:18');
INSERT INTO "TopArtist" VALUES (447,2,7,4,666,'2025-05-03 12:52:18');
INSERT INTO "TopArtist" VALUES (448,2,8,4,642,'2025-05-03 12:52:18');
INSERT INTO "TopArtist" VALUES (449,2,9,4,585,'2025-05-03 12:52:18');
INSERT INTO "TopArtist" VALUES (450,2,10,4,537,'2025-05-03 12:52:18');
INSERT INTO "TopArtist" VALUES (451,2,11,4,525,'2025-05-03 12:52:18');
INSERT INTO "TopArtist" VALUES (452,2,12,4,495,'2025-05-03 12:52:18');
INSERT INTO "TopArtist" VALUES (453,2,13,4,412,'2025-05-03 12:52:18');
INSERT INTO "TopArtist" VALUES (454,2,14,4,409,'2025-05-03 12:52:18');
INSERT INTO "TopArtist" VALUES (455,2,15,4,398,'2025-05-03 12:52:18');
INSERT INTO "TopArtist" VALUES (456,2,16,4,377,'2025-05-03 12:52:18');
INSERT INTO "TopArtist" VALUES (457,2,17,4,367,'2025-05-03 12:52:18');
INSERT INTO "TopArtist" VALUES (458,2,18,4,360,'2025-05-03 12:52:18');
INSERT INTO "TopArtist" VALUES (459,2,19,4,350,'2025-05-03 12:52:18');
INSERT INTO "TopArtist" VALUES (460,2,20,4,348,'2025-05-03 12:52:18');
INSERT INTO "User" VALUES (1,'cjonas41','Christian','Jonas','cajon@stanford.edu');
INSERT INTO "User" VALUES (2,'lmscott17','Lucas','Scott','lmscott@stanford.edu');
INSERT INTO "User" VALUES (3,'madisonfby','Madison','Fan','madifan@stanford.edu');
INSERT INTO "User" VALUES (4,'asher104','Asher','Hensley','asher104@stanford.edu');
INSERT INTO "User" VALUES (5,'silverth201','Matias','Benitez',NULL);
COMMIT;
