BEGIN TRANSACTION;
CREATE TABLE IF NOT EXISTS "Album" (
	"AlbumID"	INTEGER NOT NULL UNIQUE,
	"AlbumName"	TEXT NOT NULL,
	"ArtistID"	INTEGER,
	"MBID"	TEXT,
	PRIMARY KEY("AlbumID" AUTOINCREMENT),
	FOREIGN KEY("ArtistID") REFERENCES "Artist"("ArtistID")
);
CREATE TABLE IF NOT EXISTS "Artist" (
	"ArtistID"	INTEGER NOT NULL UNIQUE,
	"ArtistName"	TEXT NOT NULL UNIQUE,
	"LastFmMbid"	TEXT,
	PRIMARY KEY("ArtistID" AUTOINCREMENT)
);
CREATE TABLE IF NOT EXISTS "Period" (
	"PeriodID"	INTEGER NOT NULL UNIQUE,
	"PeriodName"	TEXT NOT NULL UNIQUE,
	PRIMARY KEY("PeriodID" AUTOINCREMENT)
);
CREATE TABLE IF NOT EXISTS "TopAlbum" (
	"TopAlbumID"	INTEGER NOT NULL UNIQUE,
	"UserID"	INTEGER NOT NULL,
	"AlbumID"	INTEGER NOT NULL,
	"PeriodID"	INTEGER NOT NULL,
	"Playcount"	INTEGER NOT NULL,
	"LastUpdated"	TEXT NOT NULL,
	PRIMARY KEY("TopAlbumID" AUTOINCREMENT),
	FOREIGN KEY("AlbumID") REFERENCES "Album"("AlbumID"),
	FOREIGN KEY("PeriodID") REFERENCES "Period"("PeriodID"),
	FOREIGN KEY("UserID") REFERENCES "User"("UserID")
);
CREATE TABLE IF NOT EXISTS "TopArtist" (
	"TopArtistID"	INTEGER NOT NULL UNIQUE,
	"UserID"	INTEGER NOT NULL,
	"ArtistID"	INTEGER NOT NULL,
	"PeriodID"	INTEGER NOT NULL,
	"Playcount"	INTEGER NOT NULL,
	"LastUpdated"	TEXT NOT NULL,
	PRIMARY KEY("TopArtistID" AUTOINCREMENT),
	FOREIGN KEY("ArtistID") REFERENCES "Artist"("ArtistID"),
	FOREIGN KEY("PeriodID") REFERENCES "Period"("PeriodID"),
	FOREIGN KEY("UserID") REFERENCES "User"("UserID")
);
CREATE TABLE IF NOT EXISTS "TopTrack" (
	"TopTrackID"	INTEGER NOT NULL UNIQUE,
	"UserID"	INTEGER NOT NULL,
	"TrackID"	INTEGER NOT NULL,
	"PeriodID"	INTEGER NOT NULL,
	"Playcount"	INTEGER NOT NULL,
	"LastUpdated"	TEXT NOT NULL,
	PRIMARY KEY("TopTrackID" AUTOINCREMENT),
	FOREIGN KEY("PeriodID") REFERENCES "Period"("PeriodID"),
	FOREIGN KEY("TrackID") REFERENCES "Track"("TrackID"),
	FOREIGN KEY("UserID") REFERENCES "User"("UserID")
);
CREATE TABLE IF NOT EXISTS "Track" (
	"TrackID"	INTEGER NOT NULL UNIQUE,
	"TrackName"	TEXT NOT NULL,
	"ArtistID"	INTEGER,
	"MBID"	TEXT,
	PRIMARY KEY("TrackID" AUTOINCREMENT),
	FOREIGN KEY("ArtistID") REFERENCES "Artist"
);
CREATE TABLE IF NOT EXISTS "User" (
	"UserID"	INTEGER NOT NULL UNIQUE,
	"LastFmProfileName"	TEXT NOT NULL UNIQUE,
	"FirstName"	TEXT,
	"LastName"	TEXT,
	"EmailAddress"	TEXT UNIQUE,
	PRIMARY KEY("UserID" AUTOINCREMENT)
);
INSERT INTO "Album" VALUES (1,'Pressure Machine (Deluxe)',3,'');
INSERT INTO "Album" VALUES (2,'Trench',2,'05c67876-38cc-4297-ad2b-754247d2ab83');
INSERT INTO "Album" VALUES (3,'Future Past Life',76,'');
INSERT INTO "Album" VALUES (4,'Everything Now',4,'08bd7146-46b3-4b43-bd7e-48c39cbd9ea0');
INSERT INTO "Album" VALUES (5,'Blurryface',2,'136434d5-9ddf-4c62-8dcc-021ead11fe0c');
INSERT INTO "Album" VALUES (6,'Vessel',2,'01f9366c-808f-4bf6-86c3-d71853c22d4d');
INSERT INTO "Album" VALUES (7,'Twenty One Pilots',2,'796b714b-8b37-4319-8954-e25634c3864d');
INSERT INTO "Album" VALUES (8,'Rebel News',18,'9da672f0-fecb-462a-b0e6-a5bdeea7f515');
INSERT INTO "Album" VALUES (9,'Walking Like We Do',7,'059e1105-6c3f-40aa-b6e5-89fe3d01ca5b');
INSERT INTO "Album" VALUES (10,'Everything Will Be Alright in the End',1,'058c286c-5068-4de2-bcb8-ae41008b4d94');
INSERT INTO "Album" VALUES (11,'Scaled and Icy',2,'6d07bfa3-6433-4229-8375-279a107d9680');
INSERT INTO "Album" VALUES (12,'How to Solve Our Human Problems Parts 1-3',77,'');
INSERT INTO "Album" VALUES (13,'Small Talk',78,'13b768fa-5045-49e7-83d6-cba37b36fe87');
INSERT INTO "Album" VALUES (14,'Parallel Timeline',6,'90a20f0d-8b96-4eee-b5b3-1cf97522b91f');
INSERT INTO "Album" VALUES (15,'WE',4,'c5a6a982-b630-441c-a4df-1b821b89e112');
INSERT INTO "Album" VALUES (16,'On the Rocks',79,'121f2fc9-bee7-4509-b31a-660033e2a39e');
INSERT INTO "Album" VALUES (17,'Love In the 4th Dimension',7,'0281a392-6941-4daf-aa88-62f5a1098093');
INSERT INTO "Album" VALUES (18,'OK Human',1,'053a0640-8c4b-4ea8-adaa-1250dcbe6580');
INSERT INTO "Album" VALUES (19,'Art of Doubt',9,'13c5bb16-deaa-464c-8cbb-6a70c112435a');
INSERT INTO "Album" VALUES (20,'Zeros',17,'081ca34e-a03a-49d7-87c5-b0293a39f261');
INSERT INTO "Album" VALUES (21,'Make Believe',1,'09fc6dcd-e58a-4f22-99d9-3e57d1d05a64');
INSERT INTO "Album" VALUES (22,'New Compassion',13,'541db107-ce81-475b-a2e7-20f77efac287');
INSERT INTO "Album" VALUES (23,'The Pact',6,'45db36fd-f233-45fd-bd72-b33c2c181794');
INSERT INTO "Album" VALUES (24,'Pinkerton',1,'01eb0324-12a8-435f-bf4d-eabf05bdb148');
INSERT INTO "Album" VALUES (25,'Mirage',80,'866a2a12-1314-42c8-b626-ea548490f743');
INSERT INTO "Album" VALUES (26,'GIMME SOME TRUTH. (Deluxe)',81,'');
INSERT INTO "Album" VALUES (27,'Encanto (Original Motion Picture Soundtrack)',82,'');
INSERT INTO "Album" VALUES (28,'Whispers (Deluxe)',8,'');
INSERT INTO "Album" VALUES (29,'Lost on You',83,'04d4dbf0-2bb4-4baf-8f86-129a138201c1');
INSERT INTO "Album" VALUES (30,'The Wall',12,'02a26364-1e0c-434b-bbba-c5d28fa91a4a');
INSERT INTO "Album" VALUES (31,'Weezer (Red Album)',1,'56aba3f8-0379-4675-bdd1-2815c906ad0e');
INSERT INTO "Album" VALUES (32,'Weezer (White Album - Deluxe Edition)',1,'');
INSERT INTO "Album" VALUES (33,'All The Little Lights (Deluxe Version)',8,'');
INSERT INTO "Album" VALUES (34,'In The Rainbow Rain',84,'0b7110df-08cb-44f3-b7b1-ab9cc1155d26');
INSERT INTO "Album" VALUES (35,'Weezer (Black Album)',1,'');
INSERT INTO "Album" VALUES (36,'INTO THE BLUE',14,'a67135cb-888a-4b7c-a6b4-9ff1683200bf');
INSERT INTO "Album" VALUES (37,'Pacific Daydream',1,'118cfe63-2e92-43a2-8372-da9b4fa39ac4');
INSERT INTO "Album" VALUES (38,'Amidst the Chaos',85,'782fe8a4-7ea6-46f2-a3d7-9fc1777ae12b');
INSERT INTO "Album" VALUES (39,'I Love You Dreamweaver... Stophauntingme',86,'');
INSERT INTO "Album" VALUES (40,'Formentera',9,'507188d9-b59d-4c93-a13d-610715cbde5c');
INSERT INTO "Album" VALUES (41,'The New Abnormal',87,'38057097-d52d-4494-a92d-dd1582f9cc8a');
INSERT INTO "Album" VALUES (42,'Don''t You Wanna Be Glad?',88,'e0e48742-45bb-45f4-8c38-9dce9c487bff');
INSERT INTO "Album" VALUES (43,'Supermodel',16,'10f2ca33-e24b-4aef-ac80-24361d78ed37');
INSERT INTO "Album" VALUES (44,'Wet Leg',89,'949c1b3a-db54-4302-90b3-ec8d0f70a45b');
INSERT INTO "Album" VALUES (45,'Every Shade of Blue',11,'1e5f4263-6d5c-42f9-9c48-5b44d49d36a8');
INSERT INTO "Album" VALUES (46,'A Mild Case of Everything',63,'e9586f7b-722d-436d-b97b-579a83bb385d');
INSERT INTO "Album" VALUES (47,'Blue Banisters',90,'04ffa6bb-db29-4243-9c71-b32b79c9b0ec');
INSERT INTO "Album" VALUES (48,'Mondo',19,'004aba89-afad-400a-95ea-4d6f2c0b22c4');
INSERT INTO "Album" VALUES (49,'Being No One, Going Nowhere',76,'');
INSERT INTO "Album" VALUES (50,'Living Mirage: The Complete Recordings',11,'37293e28-a2a7-47e6-8717-c42b8272eaf3');
INSERT INTO "Album" VALUES (51,'OK Computer',61,'0b6b4ba0-d36f-47bd-b4ea-6a5b91842d29');
INSERT INTO "Album" VALUES (52,'TROLLS Band Together (Original Motion Picture Soundtrack)',91,'');
INSERT INTO "Album" VALUES (53,'OK ORCHESTRA',62,'7a139167-e2ec-4850-bb99-7f176e31a2b1');
INSERT INTO "Album" VALUES (54,'Pablo Honey',61,'02769f4d-ee78-3680-aa79-67f3a821c931');
INSERT INTO "Album" VALUES (55,'The Rise and Fall of a Midwest Princess',64,'2d6c8f1b-3458-4971-8075-9cdfefb92a3c');
INSERT INTO "Album" VALUES (56,'Neotheater',62,'1e701211-c872-4c71-a726-d574356d364a');
INSERT INTO "Album" VALUES (57,'Mind Of A Warrior',15,'');
INSERT INTO "Album" VALUES (58,'Radical Optimism',49,'cb1f7950-7509-4936-a01f-de8da1dab613');
INSERT INTO "Album" VALUES (59,'MAYHEM',67,'b532e38f-c75b-40de-a12e-53d62020b3e0');
INSERT INTO "Album" VALUES (60,'Beyblade Burst Turbo (Opening Theme Song)',70,'d9b0518c-0ec8-4c4f-baa5-4b140aedd913');
INSERT INTO "Album" VALUES (61,'Saturn Return',71,'455d1c15-d211-48e7-8a57-361ecc373db5');
INSERT INTO "Album" VALUES (62,'evermore',68,'00945de3-0f0c-49ad-9709-0212c672042b');
INSERT INTO "Album" VALUES (63,'Hurry Up Tomorrow',72,'');
INSERT INTO "Album" VALUES (64,'All My Favorite Songs (feat. AJR)',1,'');
INSERT INTO "Album" VALUES (65,'Where Hope Is Found',92,'');
INSERT INTO "Album" VALUES (66,'Crèvecoeur',74,'8aa966d5-59e2-42e0-9b59-5d834c899cd0');
INSERT INTO "Album" VALUES (67,'The Click',62,'0b8cfd06-81ab-4b7c-aba1-973865548135');
INSERT INTO "Album" VALUES (68,'Pink Elephant',4,'7d0420da-6f8f-488c-90a0-f36a87262b29');
INSERT INTO "Album" VALUES (69,'My Echo, My Shadow, My Covers & Me',75,'a27f4dd4-9a4f-45f5-ab45-eeed30f90c2e');
INSERT INTO "Album" VALUES (70,'Party on the Moon',93,'');
INSERT INTO "Album" VALUES (71,'All You Need Is Time (Deluxe Edition)',94,'');
INSERT INTO "Album" VALUES (72,'The Rise and Fall of Ziggy Stardust and the Spiders from Mars (2012 Remaster)',95,'');
INSERT INTO "Album" VALUES (73,'Future Nostalgia',49,'040ecdfd-b697-4418-a0f7-08719006ab6f');
INSERT INTO "Album" VALUES (74,'Greatest Hits',96,'1b9b0b31-08bb-4eb5-9a5d-a0cd66ba6350');
INSERT INTO "Album" VALUES (75,'Failure',97,'');
INSERT INTO "Album" VALUES (76,'As Long As You Are',98,'356246f3-490a-460a-b4af-262966e958e3');
INSERT INTO "Album" VALUES (77,'Making Mirrors',53,'0547573b-dddd-4b96-8704-061275cc2a04');
INSERT INTO "Album" VALUES (78,'Days Are Gone',65,'0c44d4f7-c9cd-4f9d-8e64-4a6677f85145');
INSERT INTO "Album" VALUES (79,'Days Are Gone (10th Anniversary Edition)',65,'');
INSERT INTO "Album" VALUES (80,'Everybody''s trying to figure me out',65,'fa71df4c-0cc7-470b-bd05-16899ece8d38');
INSERT INTO "Album" VALUES (81,'Kids in Love (Remixes)',99,'48527f13-081d-47a0-89d3-b6e40f993660');
INSERT INTO "Album" VALUES (82,'The Fame',67,'0a6ef405-3d52-4cec-90cc-da63a4cc83e7');
INSERT INTO "Album" VALUES (83,'Did You Know that There''s a Tunnel Under Ocean Blvd',90,'e333eec2-2da9-4b25-a538-fbfa364e4570');
INSERT INTO "Album" VALUES (84,'Smells Like Children',100,'58a0a0e8-fd66-40c3-8b87-de694dcbe9a5');
INSERT INTO "Album" VALUES (85,'Happier',101,'');
INSERT INTO "Album" VALUES (86,'Summer Days (feat. Macklemore & Patrick Stump of Fall Out Boy)',102,'');
INSERT INTO "Album" VALUES (87,'Did You Love Somebody (feat. Sir Chloe)',103,'');
INSERT INTO "Album" VALUES (88,'V.I.S.',20,'fa3ee30a-409d-4eb3-8760-503040c8abff');
INSERT INTO "Album" VALUES (89,'Just Hold On',104,'');
INSERT INTO "Album" VALUES (90,'APT.',105,'b846037f-115a-4703-986c-f66aec7cf741');
INSERT INTO "Album" VALUES (91,'Don''t React',106,'');
INSERT INTO "Album" VALUES (92,'1989',68,'09e3b9ad-a346-4b29-a5b2-80a57f043b9a');
INSERT INTO "Album" VALUES (93,'All Night',107,'');
INSERT INTO "Album" VALUES (94,'The Night Before',108,'7e553038-8c4f-4934-a6d1-181e993f48f5');
INSERT INTO "Album" VALUES (95,'Oh! The Ocean',109,'');
INSERT INTO "Album" VALUES (96,'Killing Me',110,'5146b83d-22bc-4c09-9188-34113f7387e6');
INSERT INTO "Artist" VALUES (1,'Weezer','6fe07aa5-fec0-4eca-a456-f29bff451b04');
INSERT INTO "Artist" VALUES (2,'twenty one pilots','a6c6897a-7415-4f8d-b5a5-3a5e05f3be67');
INSERT INTO "Artist" VALUES (3,'The Killers','95e1ead9-4d31-4808-a7ac-32c3614c116b');
INSERT INTO "Artist" VALUES (4,'Arcade Fire','52074ba6-e495-4ef3-9bb4-0703888a9f68');
INSERT INTO "Artist" VALUES (5,'Starfucker','');
INSERT INTO "Artist" VALUES (6,'Slothrust','86c80cc3-13b0-4ca7-ae5a-d16f00c11a59');
INSERT INTO "Artist" VALUES (7,'The Big Moon','9bb06c9f-31d7-4809-9e95-2e647a23a735');
INSERT INTO "Artist" VALUES (8,'Passenger','');
INSERT INTO "Artist" VALUES (9,'Metric','4449ccf6-c948-4d33-aa97-b6ad98ce4b5b');
INSERT INTO "Artist" VALUES (10,'Belle and Sebastian','e5c7b94f-e264-473c-bb0f-37c85d4d5c70');
INSERT INTO "Artist" VALUES (11,'The Head and the Heart','98cb416e-5271-484c-ab3b-6bed6b4aae12');
INSERT INTO "Artist" VALUES (12,'Pink Floyd','83d91898-7763-47d7-b03b-b92132375c47');
INSERT INTO "Artist" VALUES (13,'Haerts','a1e94252-6129-4747-ac5e-d9ffc5fd725e');
INSERT INTO "Artist" VALUES (14,'Broken Bells','');
INSERT INTO "Artist" VALUES (15,'Alan Walker','b0e4bc50-3062-4d31-afad-def6a6b7a8e9');
INSERT INTO "Artist" VALUES (16,'Foster the People','e0e1a584-dd0a-4bd1-88d1-c4c62895039d');
INSERT INTO "Artist" VALUES (17,'Declan McKenna','8b98035f-fbd2-4fb3-9c2f-263c7506680d');
INSERT INTO "Artist" VALUES (18,'Haunted Mansions','');
INSERT INTO "Artist" VALUES (19,'Electric Guest','01202233-d155-4cfa-83bf-55dc776bc309');
INSERT INTO "Artist" VALUES (20,'Portugal. The Man','3599a39e-4e10-4cb5-90d4-c8a015ebc73b');
INSERT INTO "Artist" VALUES (21,'Carly Rae Jepsen','09887aa7-226e-4ecc-9a0c-02d2ae5777e1');
INSERT INTO "Artist" VALUES (22,'Red Velvet','4f0cb3b7-6c06-4317-ae35-ddf3106a17ee');
INSERT INTO "Artist" VALUES (23,'WJSN','99689c05-4f6d-4bff-9b00-06731277fe42');
INSERT INTO "Artist" VALUES (24,'Vampire Weekend','af37c51c-0790-4a29-b995-456f98a6b8c9');
INSERT INTO "Artist" VALUES (25,'소녀시대','');
INSERT INTO "Artist" VALUES (26,'IU','b9545342-1e6d-4dae-84ac-013374ad8d7c');
INSERT INTO "Artist" VALUES (27,'Steely Dan','e01c3376-15fa-40d7-b747-5f219bdefdd7');
INSERT INTO "Artist" VALUES (28,'Donald Fagen','70047e57-0153-4117-b0fc-a1d2e322e5ef');
INSERT INTO "Artist" VALUES (29,'Sérgio Mendes & Brasil ''66','491d8124-42e9-43f0-a828-e4a40c59e5ba');
INSERT INTO "Artist" VALUES (30,'LOOΠΔ','de4feabc-cd21-4568-a09c-2086bfebe2f4');
INSERT INTO "Artist" VALUES (31,'Paul Simon','05517043-ff78-4988-9c22-88c68588ebb9');
INSERT INTO "Artist" VALUES (32,'Triple S','3ff0fe9a-36c4-4056-9988-f1a802bdd372');
INSERT INTO "Artist" VALUES (33,'Regine Velasquez','b7efc324-d12b-40b5-87a8-b67ffb34a91d');
INSERT INTO "Artist" VALUES (34,'Loona','8d46a79b-760d-4f82-8019-463bbe7b77a7');
INSERT INTO "Artist" VALUES (35,'f(x)','37fa0bfd-8bf7-422c-a97a-f8deda49b3a4');
INSERT INTO "Artist" VALUES (36,'Tennis','');
INSERT INTO "Artist" VALUES (37,'fromis_9','705f04e2-fc5b-41ab-b837-1d850d44084a');
INSERT INTO "Artist" VALUES (38,'현아','72e54f6a-baab-46e4-9b74-8b481724ac99');
INSERT INTO "Artist" VALUES (39,'陶喆','38fe7fb3-2bde-4672-8016-2ba6f7d1808f');
INSERT INTO "Artist" VALUES (40,'aespa','b51c672b-85e0-48fe-8648-470a2422229f');
INSERT INTO "Artist" VALUES (41,'Doechii','9f75277c-b283-4846-ac8c-f932255cd0ac');
INSERT INTO "Artist" VALUES (42,'Beyoncé','859d0860-d480-4efd-970c-c05d5f1776b8');
INSERT INTO "Artist" VALUES (43,'A$AP Rocky','25b7b584-d952-4662-a8b9-dd8cdfbfeb64');
INSERT INTO "Artist" VALUES (44,'Ariana Grande','f4fdbb4c-e4b7-47a0-b83b-d91bbfcfa387');
INSERT INTO "Artist" VALUES (45,'Charli xcx','260b6184-8828-48eb-945c-bc4cb6fc34ca');
INSERT INTO "Artist" VALUES (46,'Coldplay','cc197bad-dc9c-440d-a5b5-d52ba2e14234');
INSERT INTO "Artist" VALUES (47,'Cowboy Malfoy','091d83d2-db51-45cc-b9c8-56ee8ce8ce5d');
INSERT INTO "Artist" VALUES (48,'dhruv','');
INSERT INTO "Artist" VALUES (49,'Dua Lipa','6f1a58bf-9b1b-49cf-a44a-6cefad7ae04f');
INSERT INTO "Artist" VALUES (50,'Evan Jacobson','');
INSERT INTO "Artist" VALUES (51,'Full Crate','79724ec7-c90c-458c-b11f-8565a2663e15');
INSERT INTO "Artist" VALUES (52,'Glass Animals','20395131-fbde-43ce-b141-b700cfdae99c');
INSERT INTO "Artist" VALUES (53,'Gotye','6f6fd596-76e0-4b82-aa37-f558ac2d337b');
INSERT INTO "Artist" VALUES (54,'Gracie Abrams','f7441bc7-d7de-4813-a2fc-31a4033d396d');
INSERT INTO "Artist" VALUES (55,'Ivoris','6dcc2066-9697-47f1-a642-11dc8a9ed4ee');
INSERT INTO "Artist" VALUES (56,'Jimin','d2582c77-6b0f-4b2f-802f-8f3cad1a5fec');
INSERT INTO "Artist" VALUES (57,'Kimbra','fad2875e-ba81-4637-b859-4684622dcb1c');
INSERT INTO "Artist" VALUES (58,'L''Impératrice','abc31be8-02b2-4bb1-867d-604d50b7be78');
INSERT INTO "Artist" VALUES (59,'Lizzy McAlpine','ee0b11de-0c8a-4267-9886-198f4579e1db');
INSERT INTO "Artist" VALUES (60,'Mac Miller','a0e8a1b1-5f8f-475a-a253-17415c17d0ff');
INSERT INTO "Artist" VALUES (61,'Radiohead','a74b1b7f-71a5-4011-9441-d0b5e4122711');
INSERT INTO "Artist" VALUES (62,'AJR','2eb55bd9-cfbf-44fd-a5da-92dd825284c7');
INSERT INTO "Artist" VALUES (63,'Keuning','78d0dec5-997a-4334-b1a7-dc9c3c4ea1d4');
INSERT INTO "Artist" VALUES (64,'Chappell Roan','56a55378-f155-48de-80a5-d80104221267');
INSERT INTO "Artist" VALUES (65,'HAIM','aef06569-098f-4218-a577-b413944d9493');
INSERT INTO "Artist" VALUES (66,'Justin Timberlake','596ffa74-3d08-44ef-b113-765d43d12738');
INSERT INTO "Artist" VALUES (67,'Lady Gaga','650e7db6-b795-4eb5-a702-5ea2fc46c848');
INSERT INTO "Artist" VALUES (68,'Taylor Swift','20244d07-534f-4eff-b4d4-930878889970');
INSERT INTO "Artist" VALUES (69,'Andrew Rannells','4de7282d-4879-41d2-91e4-98a9b0ae333c');
INSERT INTO "Artist" VALUES (70,'NateWantsToBattle','2918ce08-196e-408b-b3cb-4ccbefe62c3a');
INSERT INTO "Artist" VALUES (71,'Parlour Magic','d0e4f59a-e31c-4595-a5d7-d13177082900');
INSERT INTO "Artist" VALUES (72,'The Weeknd','c8b03190-306c-4120-bb0b-6f2ebfc06ea9');
INSERT INTO "Artist" VALUES (73,'*NSYNC','603ba565-3967-4be1-931e-9cb945394e86');
INSERT INTO "Artist" VALUES (74,'Adèle Castillon','d87c77e3-3512-41ed-b241-6387d4a6ae4e');
INSERT INTO "Artist" VALUES (75,'AWOLNATION','77b29df2-056e-409e-a1b2-5e2bbfe421c4');
INSERT INTO "Artist" VALUES (76,'STRFKR','0a19e3e4-7970-4adf-8439-90bdcc9c8661');
INSERT INTO "Artist" VALUES (77,'Belle & Sebastian','');
INSERT INTO "Artist" VALUES (78,'Soda Blonde','db3e9f70-0826-4d91-8dd3-2989319f14fe');
INSERT INTO "Artist" VALUES (79,'Midland','35fddf9e-01f6-49af-8d03-b841dda89995');
INSERT INTO "Artist" VALUES (80,'Digitalism','7b52603c-a84c-4a76-8dc8-899bb4dd9fa7');
INSERT INTO "Artist" VALUES (81,'John Lennon','4d5447d7-c61c-4120-ba1b-d7f471d385b9');
INSERT INTO "Artist" VALUES (82,'Lin-Manuel Miranda','');
INSERT INTO "Artist" VALUES (83,'LP','');
INSERT INTO "Artist" VALUES (84,'Okkervil River','9fa07bb4-8312-4cd7-a19a-4fdbc5797148');
INSERT INTO "Artist" VALUES (85,'Sara Bareilles','e54be6b7-5c26-4b47-bb3f-c137429b9b55');
INSERT INTO "Artist" VALUES (86,'Wild Year','');
INSERT INTO "Artist" VALUES (87,'The Strokes','f181961b-20f7-459e-89de-920ef03c7ed0');
INSERT INTO "Artist" VALUES (88,'Super Whatevr','1fa1111b-e1ca-47c5-82f9-ecbeffd7f32e');
INSERT INTO "Artist" VALUES (89,'Wet Leg','90744b3e-363a-458e-8da1-e3e392a489c4');
INSERT INTO "Artist" VALUES (90,'Lana Del Rey','b7539c32-53e7-4908-bda3-81449c367da6');
INSERT INTO "Artist" VALUES (91,'Trolls','');
INSERT INTO "Artist" VALUES (92,'Action Cop','');
INSERT INTO "Artist" VALUES (93,'Bliss n Eso','');
INSERT INTO "Artist" VALUES (94,'Daisy the Great','86c08fe0-1cac-4e32-ab77-f36db9b37fd1');
INSERT INTO "Artist" VALUES (95,'David Bowie','5441c29d-3602-4898-b1a1-b77fa23b8e50');
INSERT INTO "Artist" VALUES (96,'Eurythmics','b4d32cff-f19e-455f-86c4-f347d824ca61');
INSERT INTO "Artist" VALUES (97,'Ezra Joseph','');
INSERT INTO "Artist" VALUES (98,'Future Islands','74963434-dcb6-4b14-98cc-99873b06db66');
INSERT INTO "Artist" VALUES (99,'Kygo','ba0e7638-0cd6-4ff4-8987-c3e224d22c23');
INSERT INTO "Artist" VALUES (100,'Marilyn Manson','');
INSERT INTO "Artist" VALUES (101,'Marshmello','');
INSERT INTO "Artist" VALUES (102,'Martin Garrix','');
INSERT INTO "Artist" VALUES (103,'Peach Pit','');
INSERT INTO "Artist" VALUES (104,'RŌGUES','');
INSERT INTO "Artist" VALUES (105,'Rosé','7f233cda-eacb-4235-b681-5f7be343a1a2');
INSERT INTO "Artist" VALUES (106,'Solid Gold','ec2d121d-160a-4daa-9963-ee8959bf54b2');
INSERT INTO "Artist" VALUES (107,'Ten Fé','68555123-9355-4f6e-a167-aa7a2be844aa');
INSERT INTO "Artist" VALUES (108,'The Black Keys','d15721d8-56b4-453d-b506-fc915b14cba2');
INSERT INTO "Artist" VALUES (109,'The Wombats','e105c272-b5d7-4135-82ef-d60bded54345');
INSERT INTO "Artist" VALUES (110,'TheFatRat','7d3ec1fb-c3f1-4853-915e-871c0718eae4');
INSERT INTO "Artist" VALUES (111,'Carolina Gaitán - La Gaita','');
INSERT INTO "Artist" VALUES (112,'Modest Mouse','a96ac800-bfcb-412a-8a63-0a98df600700');
INSERT INTO "Artist" VALUES (113,'Daveed Diggs','6561ffe8-0c1f-452b-8501-abe229e01bc7');
INSERT INTO "Artist" VALUES (114,'Joseph Shirley','3efff57b-a213-43b2-8aae-4a224ed37212');
INSERT INTO "Period" VALUES (1,'7day');
INSERT INTO "Period" VALUES (2,'1month');
INSERT INTO "Period" VALUES (3,'12month');
INSERT INTO "Period" VALUES (4,'overall');
INSERT INTO "Period" VALUES (5,'3month');
INSERT INTO "Period" VALUES (6,'6month');
INSERT INTO "TopAlbum" VALUES (51,2,51,1,11,'2025-05-04 20:03:30');
INSERT INTO "TopAlbum" VALUES (52,2,36,1,9,'2025-05-04 20:03:30');
INSERT INTO "TopAlbum" VALUES (53,2,52,1,8,'2025-05-04 20:03:30');
INSERT INTO "TopAlbum" VALUES (54,2,46,1,5,'2025-05-04 20:03:30');
INSERT INTO "TopAlbum" VALUES (55,2,53,1,4,'2025-05-04 20:03:30');
INSERT INTO "TopAlbum" VALUES (56,2,54,1,4,'2025-05-04 20:03:30');
INSERT INTO "TopAlbum" VALUES (57,2,55,1,3,'2025-05-04 20:03:30');
INSERT INTO "TopAlbum" VALUES (58,2,56,1,2,'2025-05-04 20:03:30');
INSERT INTO "TopAlbum" VALUES (59,2,57,1,2,'2025-05-04 20:03:30');
INSERT INTO "TopAlbum" VALUES (60,2,58,1,2,'2025-05-04 20:03:30');
INSERT INTO "TopAlbum" VALUES (61,2,59,1,2,'2025-05-04 20:03:30');
INSERT INTO "TopAlbum" VALUES (62,2,60,1,2,'2025-05-04 20:03:30');
INSERT INTO "TopAlbum" VALUES (63,2,61,1,2,'2025-05-04 20:03:30');
INSERT INTO "TopAlbum" VALUES (64,2,62,1,2,'2025-05-04 20:03:30');
INSERT INTO "TopAlbum" VALUES (65,2,63,1,2,'2025-05-04 20:03:30');
INSERT INTO "TopAlbum" VALUES (66,2,64,1,2,'2025-05-04 20:03:30');
INSERT INTO "TopAlbum" VALUES (67,2,65,1,1,'2025-05-04 20:03:30');
INSERT INTO "TopAlbum" VALUES (68,2,66,1,1,'2025-05-04 20:03:30');
INSERT INTO "TopAlbum" VALUES (69,2,67,1,1,'2025-05-04 20:03:30');
INSERT INTO "TopAlbum" VALUES (70,2,68,1,1,'2025-05-04 20:03:30');
INSERT INTO "TopAlbum" VALUES (71,2,69,1,1,'2025-05-04 20:03:30');
INSERT INTO "TopAlbum" VALUES (72,2,70,1,1,'2025-05-04 20:03:30');
INSERT INTO "TopAlbum" VALUES (73,2,71,1,1,'2025-05-04 20:03:30');
INSERT INTO "TopAlbum" VALUES (74,2,72,1,1,'2025-05-04 20:03:30');
INSERT INTO "TopAlbum" VALUES (75,2,73,1,1,'2025-05-04 20:03:30');
INSERT INTO "TopAlbum" VALUES (76,2,74,1,1,'2025-05-04 20:03:30');
INSERT INTO "TopAlbum" VALUES (77,2,75,1,1,'2025-05-04 20:03:30');
INSERT INTO "TopAlbum" VALUES (78,2,76,1,1,'2025-05-04 20:03:30');
INSERT INTO "TopAlbum" VALUES (79,2,77,1,1,'2025-05-04 20:03:30');
INSERT INTO "TopAlbum" VALUES (80,2,78,1,1,'2025-05-04 20:03:30');
INSERT INTO "TopAlbum" VALUES (81,2,79,1,1,'2025-05-04 20:03:30');
INSERT INTO "TopAlbum" VALUES (82,2,80,1,1,'2025-05-04 20:03:30');
INSERT INTO "TopAlbum" VALUES (83,2,81,1,1,'2025-05-04 20:03:30');
INSERT INTO "TopAlbum" VALUES (84,2,82,1,1,'2025-05-04 20:03:30');
INSERT INTO "TopAlbum" VALUES (85,2,83,1,1,'2025-05-04 20:03:30');
INSERT INTO "TopAlbum" VALUES (86,2,84,1,1,'2025-05-04 20:03:30');
INSERT INTO "TopAlbum" VALUES (87,2,85,1,1,'2025-05-04 20:03:30');
INSERT INTO "TopAlbum" VALUES (88,2,86,1,1,'2025-05-04 20:03:30');
INSERT INTO "TopAlbum" VALUES (89,2,87,1,1,'2025-05-04 20:03:31');
INSERT INTO "TopAlbum" VALUES (90,2,88,1,1,'2025-05-04 20:03:31');
INSERT INTO "TopAlbum" VALUES (91,2,89,1,1,'2025-05-04 20:03:31');
INSERT INTO "TopAlbum" VALUES (92,2,90,1,1,'2025-05-04 20:03:31');
INSERT INTO "TopAlbum" VALUES (93,2,91,1,1,'2025-05-04 20:03:31');
INSERT INTO "TopAlbum" VALUES (94,2,92,1,1,'2025-05-04 20:03:31');
INSERT INTO "TopAlbum" VALUES (95,2,93,1,1,'2025-05-04 20:03:31');
INSERT INTO "TopAlbum" VALUES (96,2,94,1,1,'2025-05-04 20:03:31');
INSERT INTO "TopAlbum" VALUES (97,2,95,1,1,'2025-05-04 20:03:31');
INSERT INTO "TopAlbum" VALUES (98,2,96,1,1,'2025-05-04 20:03:31');
INSERT INTO "TopAlbum" VALUES (99,2,1,4,726,'2025-05-04 20:21:46');
INSERT INTO "TopAlbum" VALUES (100,2,2,4,435,'2025-05-04 20:21:46');
INSERT INTO "TopAlbum" VALUES (101,2,3,4,396,'2025-05-04 20:21:46');
INSERT INTO "TopAlbum" VALUES (102,2,4,4,392,'2025-05-04 20:21:46');
INSERT INTO "TopAlbum" VALUES (103,2,5,4,392,'2025-05-04 20:21:46');
INSERT INTO "TopAlbum" VALUES (104,2,6,4,386,'2025-05-04 20:21:46');
INSERT INTO "TopAlbum" VALUES (105,2,7,4,356,'2025-05-04 20:21:46');
INSERT INTO "TopAlbum" VALUES (106,2,8,4,349,'2025-05-04 20:21:46');
INSERT INTO "TopAlbum" VALUES (107,2,9,4,342,'2025-05-04 20:21:46');
INSERT INTO "TopAlbum" VALUES (108,2,10,4,340,'2025-05-04 20:21:46');
INSERT INTO "TopAlbum" VALUES (109,2,11,4,306,'2025-05-04 20:21:46');
INSERT INTO "TopAlbum" VALUES (110,2,12,4,291,'2025-05-04 20:21:46');
INSERT INTO "TopAlbum" VALUES (111,2,13,4,284,'2025-05-04 20:21:46');
INSERT INTO "TopAlbum" VALUES (112,2,14,4,265,'2025-05-04 20:21:46');
INSERT INTO "TopAlbum" VALUES (113,2,15,4,263,'2025-05-04 20:21:46');
INSERT INTO "TopAlbum" VALUES (114,2,16,4,261,'2025-05-04 20:21:46');
INSERT INTO "TopAlbum" VALUES (115,2,17,4,253,'2025-05-04 20:21:46');
INSERT INTO "TopAlbum" VALUES (116,2,18,4,246,'2025-05-04 20:21:46');
INSERT INTO "TopAlbum" VALUES (117,2,19,4,238,'2025-05-04 20:21:46');
INSERT INTO "TopAlbum" VALUES (118,2,20,4,233,'2025-05-04 20:21:46');
INSERT INTO "TopAlbum" VALUES (119,2,21,4,232,'2025-05-04 20:21:46');
INSERT INTO "TopAlbum" VALUES (120,2,22,4,226,'2025-05-04 20:21:46');
INSERT INTO "TopAlbum" VALUES (121,2,23,4,222,'2025-05-04 20:21:46');
INSERT INTO "TopAlbum" VALUES (122,2,24,4,220,'2025-05-04 20:21:46');
INSERT INTO "TopAlbum" VALUES (123,2,25,4,219,'2025-05-04 20:21:46');
INSERT INTO "TopAlbum" VALUES (124,2,26,4,219,'2025-05-04 20:21:46');
INSERT INTO "TopAlbum" VALUES (125,2,27,4,208,'2025-05-04 20:21:46');
INSERT INTO "TopAlbum" VALUES (126,2,28,4,205,'2025-05-04 20:21:46');
INSERT INTO "TopAlbum" VALUES (127,2,29,4,199,'2025-05-04 20:21:46');
INSERT INTO "TopAlbum" VALUES (128,2,30,4,196,'2025-05-04 20:21:46');
INSERT INTO "TopAlbum" VALUES (129,2,31,4,192,'2025-05-04 20:21:46');
INSERT INTO "TopAlbum" VALUES (130,2,32,4,181,'2025-05-04 20:21:46');
INSERT INTO "TopAlbum" VALUES (131,2,33,4,180,'2025-05-04 20:21:46');
INSERT INTO "TopAlbum" VALUES (132,2,34,4,179,'2025-05-04 20:21:46');
INSERT INTO "TopAlbum" VALUES (133,2,35,4,171,'2025-05-04 20:21:46');
INSERT INTO "TopAlbum" VALUES (134,2,36,4,169,'2025-05-04 20:21:46');
INSERT INTO "TopAlbum" VALUES (135,2,37,4,163,'2025-05-04 20:21:46');
INSERT INTO "TopAlbum" VALUES (136,2,38,4,162,'2025-05-04 20:21:46');
INSERT INTO "TopAlbum" VALUES (137,2,39,4,159,'2025-05-04 20:21:46');
INSERT INTO "TopAlbum" VALUES (138,2,40,4,158,'2025-05-04 20:21:46');
INSERT INTO "TopAlbum" VALUES (139,2,41,4,156,'2025-05-04 20:21:46');
INSERT INTO "TopAlbum" VALUES (140,2,42,4,152,'2025-05-04 20:21:46');
INSERT INTO "TopAlbum" VALUES (141,2,43,4,147,'2025-05-04 20:21:46');
INSERT INTO "TopAlbum" VALUES (142,2,44,4,147,'2025-05-04 20:21:46');
INSERT INTO "TopAlbum" VALUES (143,2,45,4,146,'2025-05-04 20:21:46');
INSERT INTO "TopAlbum" VALUES (144,2,46,4,144,'2025-05-04 20:21:46');
INSERT INTO "TopAlbum" VALUES (145,2,47,4,144,'2025-05-04 20:21:46');
INSERT INTO "TopAlbum" VALUES (146,2,48,4,143,'2025-05-04 20:21:46');
INSERT INTO "TopAlbum" VALUES (147,2,49,4,139,'2025-05-04 20:21:46');
INSERT INTO "TopAlbum" VALUES (148,2,50,4,137,'2025-05-04 20:21:46');
INSERT INTO "TopArtist" VALUES (381,0,21,4,1157,'2025-05-02 19:41:33');
INSERT INTO "TopArtist" VALUES (382,0,22,4,715,'2025-05-02 19:41:33');
INSERT INTO "TopArtist" VALUES (383,0,23,4,604,'2025-05-02 19:41:33');
INSERT INTO "TopArtist" VALUES (384,0,24,4,482,'2025-05-02 19:41:33');
INSERT INTO "TopArtist" VALUES (385,0,25,4,430,'2025-05-02 19:41:33');
INSERT INTO "TopArtist" VALUES (386,0,26,4,410,'2025-05-02 19:41:33');
INSERT INTO "TopArtist" VALUES (387,0,27,4,402,'2025-05-02 19:41:33');
INSERT INTO "TopArtist" VALUES (388,0,28,4,394,'2025-05-02 19:41:33');
INSERT INTO "TopArtist" VALUES (389,0,29,4,376,'2025-05-02 19:41:33');
INSERT INTO "TopArtist" VALUES (390,0,30,4,370,'2025-05-02 19:41:33');
INSERT INTO "TopArtist" VALUES (391,0,31,4,363,'2025-05-02 19:41:33');
INSERT INTO "TopArtist" VALUES (392,0,32,4,354,'2025-05-02 19:41:33');
INSERT INTO "TopArtist" VALUES (393,0,33,4,321,'2025-05-02 19:41:33');
INSERT INTO "TopArtist" VALUES (394,0,34,4,286,'2025-05-02 19:41:33');
INSERT INTO "TopArtist" VALUES (395,0,35,4,275,'2025-05-02 19:41:33');
INSERT INTO "TopArtist" VALUES (396,0,36,4,272,'2025-05-02 19:41:33');
INSERT INTO "TopArtist" VALUES (397,0,37,4,245,'2025-05-02 19:41:33');
INSERT INTO "TopArtist" VALUES (398,0,38,4,240,'2025-05-02 19:41:33');
INSERT INTO "TopArtist" VALUES (399,0,39,4,220,'2025-05-02 19:41:33');
INSERT INTO "TopArtist" VALUES (400,0,40,4,208,'2025-05-02 19:41:33');
INSERT INTO "TopArtist" VALUES (401,5,21,4,1157,'2025-05-02 19:46:19');
INSERT INTO "TopArtist" VALUES (402,5,22,4,715,'2025-05-02 19:46:19');
INSERT INTO "TopArtist" VALUES (403,5,23,4,604,'2025-05-02 19:46:19');
INSERT INTO "TopArtist" VALUES (404,5,24,4,482,'2025-05-02 19:46:19');
INSERT INTO "TopArtist" VALUES (405,5,25,4,430,'2025-05-02 19:46:19');
INSERT INTO "TopArtist" VALUES (406,5,26,4,410,'2025-05-02 19:46:19');
INSERT INTO "TopArtist" VALUES (407,5,27,4,402,'2025-05-02 19:46:19');
INSERT INTO "TopArtist" VALUES (408,5,28,4,394,'2025-05-02 19:46:19');
INSERT INTO "TopArtist" VALUES (409,5,29,4,376,'2025-05-02 19:46:19');
INSERT INTO "TopArtist" VALUES (410,5,30,4,370,'2025-05-02 19:46:19');
INSERT INTO "TopArtist" VALUES (411,5,31,4,363,'2025-05-02 19:46:19');
INSERT INTO "TopArtist" VALUES (412,5,32,4,354,'2025-05-02 19:46:19');
INSERT INTO "TopArtist" VALUES (413,5,33,4,321,'2025-05-02 19:46:19');
INSERT INTO "TopArtist" VALUES (414,5,34,4,286,'2025-05-02 19:46:19');
INSERT INTO "TopArtist" VALUES (415,5,35,4,275,'2025-05-02 19:46:19');
INSERT INTO "TopArtist" VALUES (416,5,36,4,272,'2025-05-02 19:46:19');
INSERT INTO "TopArtist" VALUES (417,5,37,4,245,'2025-05-02 19:46:19');
INSERT INTO "TopArtist" VALUES (418,5,38,4,240,'2025-05-02 19:46:19');
INSERT INTO "TopArtist" VALUES (419,5,39,4,220,'2025-05-02 19:46:19');
INSERT INTO "TopArtist" VALUES (420,5,40,4,208,'2025-05-02 19:46:19');
INSERT INTO "TopArtist" VALUES (421,3,41,4,10,'2025-05-02 19:47:15');
INSERT INTO "TopArtist" VALUES (422,3,42,4,5,'2025-05-02 19:47:15');
INSERT INTO "TopArtist" VALUES (423,3,43,4,1,'2025-05-02 19:47:15');
INSERT INTO "TopArtist" VALUES (424,3,44,4,1,'2025-05-02 19:47:15');
INSERT INTO "TopArtist" VALUES (425,3,45,4,1,'2025-05-02 19:47:15');
INSERT INTO "TopArtist" VALUES (426,3,46,4,1,'2025-05-02 19:47:15');
INSERT INTO "TopArtist" VALUES (427,3,47,4,1,'2025-05-02 19:47:15');
INSERT INTO "TopArtist" VALUES (428,3,48,4,1,'2025-05-02 19:47:15');
INSERT INTO "TopArtist" VALUES (429,3,49,4,1,'2025-05-02 19:47:15');
INSERT INTO "TopArtist" VALUES (430,3,50,4,1,'2025-05-02 19:47:15');
INSERT INTO "TopArtist" VALUES (431,3,51,4,1,'2025-05-02 19:47:15');
INSERT INTO "TopArtist" VALUES (432,3,52,4,1,'2025-05-02 19:47:15');
INSERT INTO "TopArtist" VALUES (433,3,53,4,1,'2025-05-02 19:47:15');
INSERT INTO "TopArtist" VALUES (434,3,54,4,1,'2025-05-02 19:47:15');
INSERT INTO "TopArtist" VALUES (435,3,55,4,1,'2025-05-02 19:47:15');
INSERT INTO "TopArtist" VALUES (436,3,56,4,1,'2025-05-02 19:47:15');
INSERT INTO "TopArtist" VALUES (437,3,57,4,1,'2025-05-02 19:47:15');
INSERT INTO "TopArtist" VALUES (438,3,58,4,1,'2025-05-02 19:47:15');
INSERT INTO "TopArtist" VALUES (439,3,59,4,1,'2025-05-02 19:47:15');
INSERT INTO "TopArtist" VALUES (440,3,60,4,1,'2025-05-02 19:47:15');
INSERT INTO "TopArtist" VALUES (501,2,1,4,2424,'2025-05-04 19:50:46');
INSERT INTO "TopArtist" VALUES (502,2,2,4,1943,'2025-05-04 19:50:47');
INSERT INTO "TopArtist" VALUES (503,2,3,4,1299,'2025-05-04 19:50:47');
INSERT INTO "TopArtist" VALUES (504,2,4,4,1024,'2025-05-04 19:50:47');
INSERT INTO "TopArtist" VALUES (505,2,5,4,726,'2025-05-04 19:50:47');
INSERT INTO "TopArtist" VALUES (506,2,6,4,700,'2025-05-04 19:50:47');
INSERT INTO "TopArtist" VALUES (507,2,7,4,666,'2025-05-04 19:50:47');
INSERT INTO "TopArtist" VALUES (508,2,8,4,642,'2025-05-04 19:50:47');
INSERT INTO "TopArtist" VALUES (509,2,9,4,585,'2025-05-04 19:50:47');
INSERT INTO "TopArtist" VALUES (510,2,10,4,537,'2025-05-04 19:50:47');
INSERT INTO "TopArtist" VALUES (511,2,11,4,525,'2025-05-04 19:50:47');
INSERT INTO "TopArtist" VALUES (512,2,12,4,495,'2025-05-04 19:50:47');
INSERT INTO "TopArtist" VALUES (513,2,13,4,412,'2025-05-04 19:50:47');
INSERT INTO "TopArtist" VALUES (514,2,14,4,409,'2025-05-04 19:50:47');
INSERT INTO "TopArtist" VALUES (515,2,15,4,398,'2025-05-04 19:50:47');
INSERT INTO "TopArtist" VALUES (516,2,16,4,377,'2025-05-04 19:50:47');
INSERT INTO "TopArtist" VALUES (517,2,17,4,367,'2025-05-04 19:50:47');
INSERT INTO "TopArtist" VALUES (518,2,18,4,360,'2025-05-04 19:50:47');
INSERT INTO "TopArtist" VALUES (519,2,19,4,350,'2025-05-04 19:50:47');
INSERT INTO "TopArtist" VALUES (520,2,20,4,348,'2025-05-04 19:50:47');
INSERT INTO "TopArtist" VALUES (521,2,61,1,15,'2025-05-04 19:50:59');
INSERT INTO "TopArtist" VALUES (522,2,14,1,9,'2025-05-04 19:50:59');
INSERT INTO "TopArtist" VALUES (523,2,62,1,7,'2025-05-04 19:50:59');
INSERT INTO "TopArtist" VALUES (524,2,63,1,5,'2025-05-04 19:50:59');
INSERT INTO "TopArtist" VALUES (525,2,64,1,3,'2025-05-04 19:50:59');
INSERT INTO "TopArtist" VALUES (526,2,49,1,3,'2025-05-04 19:50:59');
INSERT INTO "TopArtist" VALUES (527,2,65,1,3,'2025-05-04 19:50:59');
INSERT INTO "TopArtist" VALUES (528,2,66,1,3,'2025-05-04 19:50:59');
INSERT INTO "TopArtist" VALUES (529,2,67,1,3,'2025-05-04 19:50:59');
INSERT INTO "TopArtist" VALUES (530,2,68,1,3,'2025-05-04 19:50:59');
INSERT INTO "TopArtist" VALUES (531,2,15,1,2,'2025-05-04 19:50:59');
INSERT INTO "TopArtist" VALUES (532,2,69,1,2,'2025-05-04 19:50:59');
INSERT INTO "TopArtist" VALUES (533,2,70,1,2,'2025-05-04 19:50:59');
INSERT INTO "TopArtist" VALUES (534,2,71,1,2,'2025-05-04 19:50:59');
INSERT INTO "TopArtist" VALUES (535,2,72,1,2,'2025-05-04 19:50:59');
INSERT INTO "TopArtist" VALUES (536,2,1,1,2,'2025-05-04 19:50:59');
INSERT INTO "TopArtist" VALUES (537,2,73,1,1,'2025-05-04 19:50:59');
INSERT INTO "TopArtist" VALUES (538,2,74,1,1,'2025-05-04 19:50:59');
INSERT INTO "TopArtist" VALUES (539,2,4,1,1,'2025-05-04 19:50:59');
INSERT INTO "TopArtist" VALUES (540,2,75,1,1,'2025-05-04 19:50:59');
INSERT INTO "TopTrack" VALUES (1,2,1,4,64,'2025-05-04 20:46:18');
INSERT INTO "TopTrack" VALUES (2,2,2,4,60,'2025-05-04 20:46:18');
INSERT INTO "TopTrack" VALUES (3,2,3,4,59,'2025-05-04 20:46:18');
INSERT INTO "TopTrack" VALUES (4,2,4,4,57,'2025-05-04 20:46:18');
INSERT INTO "TopTrack" VALUES (5,2,5,4,56,'2025-05-04 20:46:18');
INSERT INTO "TopTrack" VALUES (6,2,6,4,52,'2025-05-04 20:46:18');
INSERT INTO "TopTrack" VALUES (7,2,7,4,50,'2025-05-04 20:46:18');
INSERT INTO "TopTrack" VALUES (8,2,8,4,48,'2025-05-04 20:46:18');
INSERT INTO "TopTrack" VALUES (9,2,9,4,48,'2025-05-04 20:46:18');
INSERT INTO "TopTrack" VALUES (10,2,10,4,46,'2025-05-04 20:46:18');
INSERT INTO "TopTrack" VALUES (11,2,11,4,46,'2025-05-04 20:46:18');
INSERT INTO "TopTrack" VALUES (12,2,12,4,46,'2025-05-04 20:46:18');
INSERT INTO "TopTrack" VALUES (13,2,13,4,46,'2025-05-04 20:46:18');
INSERT INTO "TopTrack" VALUES (14,2,14,4,46,'2025-05-04 20:46:18');
INSERT INTO "TopTrack" VALUES (15,2,15,4,45,'2025-05-04 20:46:18');
INSERT INTO "TopTrack" VALUES (16,2,16,4,44,'2025-05-04 20:46:18');
INSERT INTO "TopTrack" VALUES (17,2,17,4,44,'2025-05-04 20:46:18');
INSERT INTO "TopTrack" VALUES (18,2,18,4,43,'2025-05-04 20:46:18');
INSERT INTO "TopTrack" VALUES (19,2,19,4,43,'2025-05-04 20:46:18');
INSERT INTO "TopTrack" VALUES (20,2,20,4,42,'2025-05-04 20:46:18');
INSERT INTO "TopTrack" VALUES (21,2,21,4,42,'2025-05-04 20:46:18');
INSERT INTO "TopTrack" VALUES (22,2,22,4,41,'2025-05-04 20:46:18');
INSERT INTO "TopTrack" VALUES (23,2,23,4,41,'2025-05-04 20:46:18');
INSERT INTO "TopTrack" VALUES (24,2,24,4,40,'2025-05-04 20:46:18');
INSERT INTO "TopTrack" VALUES (25,2,25,4,40,'2025-05-04 20:46:18');
INSERT INTO "TopTrack" VALUES (26,2,26,4,40,'2025-05-04 20:46:18');
INSERT INTO "TopTrack" VALUES (27,2,27,4,40,'2025-05-04 20:46:18');
INSERT INTO "TopTrack" VALUES (28,2,28,4,40,'2025-05-04 20:46:18');
INSERT INTO "TopTrack" VALUES (29,2,29,4,40,'2025-05-04 20:46:18');
INSERT INTO "TopTrack" VALUES (30,2,30,4,40,'2025-05-04 20:46:18');
INSERT INTO "TopTrack" VALUES (31,2,31,4,40,'2025-05-04 20:46:18');
INSERT INTO "TopTrack" VALUES (32,2,32,4,39,'2025-05-04 20:46:18');
INSERT INTO "TopTrack" VALUES (33,2,33,4,39,'2025-05-04 20:46:18');
INSERT INTO "TopTrack" VALUES (34,2,34,4,39,'2025-05-04 20:46:18');
INSERT INTO "TopTrack" VALUES (35,2,35,4,38,'2025-05-04 20:46:18');
INSERT INTO "TopTrack" VALUES (36,2,36,4,37,'2025-05-04 20:46:18');
INSERT INTO "TopTrack" VALUES (37,2,37,4,37,'2025-05-04 20:46:18');
INSERT INTO "TopTrack" VALUES (38,2,38,4,37,'2025-05-04 20:46:18');
INSERT INTO "TopTrack" VALUES (39,2,39,4,37,'2025-05-04 20:46:18');
INSERT INTO "TopTrack" VALUES (40,2,40,4,37,'2025-05-04 20:46:18');
INSERT INTO "TopTrack" VALUES (41,2,41,4,36,'2025-05-04 20:46:18');
INSERT INTO "TopTrack" VALUES (42,2,42,4,36,'2025-05-04 20:46:18');
INSERT INTO "TopTrack" VALUES (43,2,43,4,36,'2025-05-04 20:46:18');
INSERT INTO "TopTrack" VALUES (44,2,44,4,36,'2025-05-04 20:46:19');
INSERT INTO "TopTrack" VALUES (45,2,45,4,36,'2025-05-04 20:46:19');
INSERT INTO "TopTrack" VALUES (46,2,46,4,36,'2025-05-04 20:46:19');
INSERT INTO "TopTrack" VALUES (47,2,47,4,36,'2025-05-04 20:46:19');
INSERT INTO "TopTrack" VALUES (48,2,48,4,35,'2025-05-04 20:46:19');
INSERT INTO "TopTrack" VALUES (49,2,49,4,35,'2025-05-04 20:46:19');
INSERT INTO "TopTrack" VALUES (50,2,50,4,35,'2025-05-04 20:46:19');
INSERT INTO "TopTrack" VALUES (51,2,51,1,3,'2025-05-04 20:46:30');
INSERT INTO "TopTrack" VALUES (52,2,52,1,3,'2025-05-04 20:46:30');
INSERT INTO "TopTrack" VALUES (53,2,53,1,2,'2025-05-04 20:46:30');
INSERT INTO "TopTrack" VALUES (54,2,54,1,2,'2025-05-04 20:46:30');
INSERT INTO "TopTrack" VALUES (55,2,55,1,2,'2025-05-04 20:46:30');
INSERT INTO "TopTrack" VALUES (56,2,56,1,2,'2025-05-04 20:46:30');
INSERT INTO "TopTrack" VALUES (57,2,57,1,2,'2025-05-04 20:46:30');
INSERT INTO "TopTrack" VALUES (58,2,58,1,2,'2025-05-04 20:46:30');
INSERT INTO "TopTrack" VALUES (59,2,59,1,2,'2025-05-04 20:46:30');
INSERT INTO "TopTrack" VALUES (60,2,60,1,2,'2025-05-04 20:46:30');
INSERT INTO "TopTrack" VALUES (61,2,61,1,2,'2025-05-04 20:46:31');
INSERT INTO "TopTrack" VALUES (62,2,62,1,2,'2025-05-04 20:46:31');
INSERT INTO "TopTrack" VALUES (63,2,63,1,2,'2025-05-04 20:46:31');
INSERT INTO "TopTrack" VALUES (64,2,64,1,1,'2025-05-04 20:46:31');
INSERT INTO "TopTrack" VALUES (65,2,65,1,1,'2025-05-04 20:46:31');
INSERT INTO "TopTrack" VALUES (66,2,66,1,1,'2025-05-04 20:46:31');
INSERT INTO "TopTrack" VALUES (67,2,67,1,1,'2025-05-04 20:46:31');
INSERT INTO "TopTrack" VALUES (68,2,68,1,1,'2025-05-04 20:46:31');
INSERT INTO "TopTrack" VALUES (69,2,69,1,1,'2025-05-04 20:46:31');
INSERT INTO "TopTrack" VALUES (70,2,70,1,1,'2025-05-04 20:46:31');
INSERT INTO "TopTrack" VALUES (71,2,71,1,1,'2025-05-04 20:46:31');
INSERT INTO "TopTrack" VALUES (72,2,72,1,1,'2025-05-04 20:46:31');
INSERT INTO "TopTrack" VALUES (73,2,73,1,1,'2025-05-04 20:46:31');
INSERT INTO "TopTrack" VALUES (74,2,74,1,1,'2025-05-04 20:46:31');
INSERT INTO "TopTrack" VALUES (75,2,75,1,1,'2025-05-04 20:46:31');
INSERT INTO "TopTrack" VALUES (76,2,76,1,1,'2025-05-04 20:46:31');
INSERT INTO "TopTrack" VALUES (77,2,77,1,1,'2025-05-04 20:46:31');
INSERT INTO "TopTrack" VALUES (78,2,78,1,1,'2025-05-04 20:46:31');
INSERT INTO "TopTrack" VALUES (79,2,79,1,1,'2025-05-04 20:46:31');
INSERT INTO "TopTrack" VALUES (80,2,80,1,1,'2025-05-04 20:46:31');
INSERT INTO "TopTrack" VALUES (81,2,81,1,1,'2025-05-04 20:46:31');
INSERT INTO "TopTrack" VALUES (82,2,82,1,1,'2025-05-04 20:46:31');
INSERT INTO "TopTrack" VALUES (83,2,83,1,1,'2025-05-04 20:46:31');
INSERT INTO "TopTrack" VALUES (84,2,84,1,1,'2025-05-04 20:46:31');
INSERT INTO "TopTrack" VALUES (85,2,85,1,1,'2025-05-04 20:46:31');
INSERT INTO "TopTrack" VALUES (86,2,86,1,1,'2025-05-04 20:46:31');
INSERT INTO "TopTrack" VALUES (87,2,87,1,1,'2025-05-04 20:46:31');
INSERT INTO "TopTrack" VALUES (88,2,88,1,1,'2025-05-04 20:46:31');
INSERT INTO "TopTrack" VALUES (89,2,89,1,1,'2025-05-04 20:46:31');
INSERT INTO "TopTrack" VALUES (90,2,90,1,1,'2025-05-04 20:46:31');
INSERT INTO "TopTrack" VALUES (91,2,91,1,1,'2025-05-04 20:46:31');
INSERT INTO "TopTrack" VALUES (92,2,92,1,1,'2025-05-04 20:46:31');
INSERT INTO "TopTrack" VALUES (93,2,93,1,1,'2025-05-04 20:46:31');
INSERT INTO "TopTrack" VALUES (94,2,94,1,1,'2025-05-04 20:46:31');
INSERT INTO "TopTrack" VALUES (95,2,95,1,1,'2025-05-04 20:46:31');
INSERT INTO "TopTrack" VALUES (96,2,96,1,1,'2025-05-04 20:46:31');
INSERT INTO "TopTrack" VALUES (97,2,97,1,1,'2025-05-04 20:46:31');
INSERT INTO "TopTrack" VALUES (98,2,98,1,1,'2025-05-04 20:46:31');
INSERT INTO "TopTrack" VALUES (99,2,99,1,1,'2025-05-04 20:46:31');
INSERT INTO "TopTrack" VALUES (100,2,100,1,1,'2025-05-04 20:46:31');
INSERT INTO "Track" VALUES (1,'Cody',3,'e7f3484e-8aa2-4c74-aa24-b791860be06e');
INSERT INTO "Track" VALUES (2,'In the Car Outside',3,'6c26c2eb-2fd7-4b5a-8c5d-564c856ae525');
INSERT INTO "Track" VALUES (3,'Deep Dream',76,'');
INSERT INTO "Track" VALUES (4,'Pressure Machine',3,'e5b01f5d-a596-4540-b387-5388533fb690');
INSERT INTO "Track" VALUES (5,'Quiet Town',3,'de21284a-e3df-4d23-b7c0-d51f2a9c58f4');
INSERT INTO "Track" VALUES (6,'Put Your Money on Me',4,'4ed3fb6d-1210-40d7-a2d9-3cb75cc5ab76');
INSERT INTO "Track" VALUES (7,'Dear Stranger',76,'');
INSERT INTO "Track" VALUES (8,'Sleepwalker',3,'b7922176-18ee-4118-ba16-47c363902b72');
INSERT INTO "Track" VALUES (9,'West Hills',3,'3aa5b657-aba6-43c7-9380-c88b5b370fbe');
INSERT INTO "Track" VALUES (10,'Electric Blue',4,'00384ead-4a76-40bf-81d6-2e57df28557e');
INSERT INTO "Track" VALUES (11,'Adhd',7,'9b10cebf-01e0-45e9-89db-cc9d08545b03');
INSERT INTO "Track" VALUES (12,'Why',7,'85ff8d40-8312-42e0-b3cb-94858de630a7');
INSERT INTO "Track" VALUES (13,'Terrible Thing',3,'0c62bb95-0d81-4c25-83a3-03727604ba34');
INSERT INTO "Track" VALUES (14,'Shy Away',2,'42d2c0f3-4601-424d-996a-b70b1a47dd2e');
INSERT INTO "Track" VALUES (15,'The Getting By II',3,'');
INSERT INTO "Track" VALUES (16,'Sunshine Crawlers',18,'');
INSERT INTO "Track" VALUES (17,'Never The Same',76,'cd60ca92-4976-4f3b-b886-b0c01d0dd41a');
INSERT INTO "Track" VALUES (18,'Orpheus',85,'3781ebad-5fa7-4a2b-b318-c294c37f2fb9');
INSERT INTO "Track" VALUES (19,'The Getting By',3,'896be3bb-440b-4bc8-bb6f-3ad733f25dd7');
INSERT INTO "Track" VALUES (20,'Electric Love',18,'5ac9a744-9b76-4067-8b36-6d4f13aa3c31');
INSERT INTO "Track" VALUES (21,'Morph',2,'1aec9871-c100-43ad-b539-a4ce4da01377');
INSERT INTO "Track" VALUES (22,'Budapest (feat. Shy Boys)',76,'');
INSERT INTO "Track" VALUES (23,'In Another Life',3,'2fcfe0b7-98d3-4a98-ab46-02325ff2e501');
INSERT INTO "Track" VALUES (24,'Good Luck',14,'4908c5cc-7c5d-45d5-8bfb-fcc7edd83bb9');
INSERT INTO "Track" VALUES (25,'Be An Astronaut',17,'25ca47f1-7eb4-4d04-8766-e39f1b87538f');
INSERT INTO "Track" VALUES (26,'The Key to Life on Earth',17,'2509c1ab-f871-407a-93d5-e255dabd30bd');
INSERT INTO "Track" VALUES (27,'Vagabond',18,'e2b22088-e778-465c-855e-ef7fe3e841df');
INSERT INTO "Track" VALUES (28,'Better Together',76,'');
INSERT INTO "Track" VALUES (29,'Second Hand',76,'');
INSERT INTO "Track" VALUES (30,'My Blood',2,'0255fcd7-a8c3-4890-a02a-d86c771e0bad');
INSERT INTO "Track" VALUES (31,'Ode to Sleep',2,'1708fd6c-9c01-4b9d-a225-9f16f8223b71');
INSERT INTO "Track" VALUES (32,'Tiny Darkness',78,'778e6741-230f-4575-bcd4-1bfd6b5c0301');
INSERT INTO "Track" VALUES (33,'Runaway Horses (feat. Phoebe Bridgers)',3,'');
INSERT INTO "Track" VALUES (34,'Not Today',2,'01b85cb7-d6b9-4b35-b211-1194154ae081');
INSERT INTO "Track" VALUES (35,'Special',13,'');
INSERT INTO "Track" VALUES (36,'Age of Anxiety I',4,'0e5c44ff-4632-4635-b63f-c8d83112bc17');
INSERT INTO "Track" VALUES (37,'Bohemian Groove',18,'1b465fbd-ce05-48fc-a97c-48a7a955188b');
INSERT INTO "Track" VALUES (38,'Palm Reader',76,'');
INSERT INTO "Track" VALUES (39,'Addict with a Pen',2,'3fa2698a-6863-3de3-b8de-2630f466b125');
INSERT INTO "Track" VALUES (40,'Falling for You',1,'06a47761-25e0-33d2-a136-660c816670b1');
INSERT INTO "Track" VALUES (41,'We Don''t Talk About Bruno',111,'');
INSERT INTO "Track" VALUES (42,'Hate',18,'350071d1-45c2-4fae-b162-061d2b6a27dd');
INSERT INTO "Track" VALUES (43,'We''re Lucky',112,'c08ea8de-6dd0-4e24-8c3b-3d9b8e4d6a77');
INSERT INTO "Track" VALUES (44,'It Hasn''t Happened Yet',84,'e09da79d-5398-4e7a-81f6-cf22fe491357');
INSERT INTO "Track" VALUES (45,'The Next Curse',6,'');
INSERT INTO "Track" VALUES (46,'Cold Comfort',76,'');
INSERT INTO "Track" VALUES (47,'III. Return to Ithaka',1,'0ae82d88-35ef-44dc-8eac-09a28a44631b');
INSERT INTO "Track" VALUES (48,'Spacerock',18,'ac9339df-bc79-43dc-81ed-daae3c6984a2');
INSERT INTO "Track" VALUES (49,'Sea Foam',76,'');
INSERT INTO "Track" VALUES (50,'Jumpsuit',2,'12ae5341-fd20-465b-b69e-f347c346d385');
INSERT INTO "Track" VALUES (51,'HOT TO GO!',64,'c5bbf65e-223a-4327-af36-25f0aca98024');
INSERT INTO "Track" VALUES (52,'Exit Music (for a Film)',61,'');
INSERT INTO "Track" VALUES (53,'Bang!',62,'4c0d858c-3d21-4af8-96ad-9d96bc285db2');
INSERT INTO "Track" VALUES (54,'Don''t Throw Out My Legos',62,'201d762f-7625-4acf-a3b8-eac905db6868');
INSERT INTO "Track" VALUES (55,'Ordinaryish People (feat. Blue Man Group)',62,'');
INSERT INTO "Track" VALUES (56,'Mind Of A Warrior',15,'');
INSERT INTO "Track" VALUES (57,'Watch Me Work',69,'');
INSERT INTO "Track" VALUES (58,'Houdini',49,'836f689c-281f-4d47-81b3-9049ffae8bc8');
INSERT INTO "Track" VALUES (59,'Beyblade Burst Turbo (Opening Theme Song)',70,'');
INSERT INTO "Track" VALUES (60,'Seven Gardens',71,'102a6f2e-3de9-4ab7-a621-d4f34f92c33b');
INSERT INTO "Track" VALUES (61,'no body, no crime (feat. HAIM)',68,'');
INSERT INTO "Track" VALUES (62,'The Abyss (feat. Lana Del Rey)',72,'9cc78b98-0261-4098-80ce-3fc550a86128');
INSERT INTO "Track" VALUES (63,'All My Favorite Songs (feat. AJR)',1,'');
INSERT INTO "Track" VALUES (64,'Better Place (From TROLLS Band Together)',73,'');
INSERT INTO "Track" VALUES (65,'Where Hope Is Found',92,'');
INSERT INTO "Track" VALUES (66,'It might never end (feat. Declan McKenna)',74,'');
INSERT INTO "Track" VALUES (67,'The Good Part',62,'0827233f-05be-47ed-83e4-cff928166eb5');
INSERT INTO "Track" VALUES (68,'Pink Elephant',4,'3c293ce8-87ba-4fe5-9995-2e9800d39f76');
INSERT INTO "Track" VALUES (69,'Eye in the Sky (feat. Beck)',75,'');
INSERT INTO "Track" VALUES (70,'Party on the Moon',93,'');
INSERT INTO "Track" VALUES (71,'Fade Away',14,'33342dc0-fbf6-4246-bf82-d51be8fe36a0');
INSERT INTO "Track" VALUES (72,'Forgotten Boy',14,'3fcfd3fa-57d1-4c36-aeed-de2b3ce01970');
INSERT INTO "Track" VALUES (73,'Into the Blue',14,'21136eb3-e9f7-44cf-aabe-40e7f048b079');
INSERT INTO "Track" VALUES (74,'Invisible Exit',14,'12459fc9-71de-4ea0-ae16-a418f5e3bd25');
INSERT INTO "Track" VALUES (75,'Love on the Run',14,'1043f827-9da7-4042-8ff3-458455c87c30');
INSERT INTO "Track" VALUES (76,'One Night',14,'90dc1e7b-72a3-4999-a2a7-c9c5cba21d37');
INSERT INTO "Track" VALUES (77,'Saturdays',14,'ff37061a-8e2e-49cd-9d59-7371851acb2a');
INSERT INTO "Track" VALUES (78,'The Chase',14,'880e7596-eeb2-415e-8019-4ea726eab21a');
INSERT INTO "Track" VALUES (79,'We''re Not In Orbit Yet…',14,'34b10366-7e82-47b2-a6dc-55ed7921b9a5');
INSERT INTO "Track" VALUES (80,'Record Player',94,'419dd69a-2cb2-4a5e-b2dc-3ec5707024c3');
INSERT INTO "Track" VALUES (81,'Vacay Island',113,'');
INSERT INTO "Track" VALUES (82,'Starman - 2012 Remaster',95,'');
INSERT INTO "Track" VALUES (83,'Levitating (feat. DaBaby)',49,'85f842b8-6817-4721-a85c-8b4dde1e8814');
INSERT INTO "Track" VALUES (84,'Sweet Dreams (Are Made of This)',96,'6fd10222-4b93-454c-aae5-c0f8590f330e');
INSERT INTO "Track" VALUES (85,'Failure',97,'');
INSERT INTO "Track" VALUES (86,'Hit the Coast',98,'5509e936-78da-4b3e-b0c8-d8114b46f8bd');
INSERT INTO "Track" VALUES (87,'Somebody That I Used to Know',53,'');
INSERT INTO "Track" VALUES (88,'Everybody''s trying to figure me out',65,'e881a54b-6cbd-400c-a104-3ca4a0ec8918');
INSERT INTO "Track" VALUES (89,'Falling',65,'34fae218-22f8-4527-abff-91f2bb11bcd5');
INSERT INTO "Track" VALUES (90,'The Wire',65,'4da24bbd-4ab3-4c28-a663-9e879576a7e2');
INSERT INTO "Track" VALUES (91,'Hustle Dimension',114,'224513aa-5050-4169-884e-2fea57ff781e');
INSERT INTO "Track" VALUES (92,'BroZone''s Back',66,'');
INSERT INTO "Track" VALUES (93,'Let''s Get Married',66,'');
INSERT INTO "Track" VALUES (94,'Perfect',66,'');
INSERT INTO "Track" VALUES (95,'Bad Instincts',63,'4264bc42-1fcd-400e-9bc7-39b9a9962c8e');
INSERT INTO "Track" VALUES (96,'Ends of the Earth',63,'f551d475-9064-4296-9ce5-1bd9dc31a865');
INSERT INTO "Track" VALUES (97,'From Stardust',63,'5759924f-3fd6-42c4-a011-a909d4a0ee15');
INSERT INTO "Track" VALUES (98,'The Fountain',63,'879c3e09-1f6f-489e-902e-82ffd732235f');
INSERT INTO "Track" VALUES (99,'Time and Fury',63,'5b21108a-75f4-4cf0-ae90-27562b63b545');
INSERT INTO "Track" VALUES (100,'Stranger Things (feat. OneRepublic) - Alan Walker Remix',99,'');
INSERT INTO "User" VALUES (1,'cjonas41','Christian','Jonas','cajon@stanford.edu');
INSERT INTO "User" VALUES (2,'lmscott17','Lucas','Scott','lmscott@stanford.edu');
INSERT INTO "User" VALUES (3,'madisonfby','Madison','Fan','madifan@stanford.edu');
INSERT INTO "User" VALUES (4,'asher104','Asher','Hensley','asher104@stanford.edu');
INSERT INTO "User" VALUES (5,'silverth201','Matias','Benitez',NULL);
COMMIT;
